Gene,Mean_GTEX_Healthy,Median_GTEX_Healthy,Mean_TCGA_Tumor,Median_TCGA_Tumor
NCAPG,3.49926,3.5122,7.620325,7.7145
OGDHL,10.91969,11.3365,8.92071,9.058
KRT1,5.773757,6.1699,1.499661,1.0
CALB2,9.619883,9.5943,7.362124,7.3576
HOOK1,8.354612,8.7482,6.028507,5.9069
LA16c-329F2.1,5.295368,5.4594,2.594974,2.585
WIF1,8.965188,9.5255,5.560671,5.2095
RNF185-AS1,1.736994,1.384,5.517237,6.0987
HLA-DRB6,2.711767,2.6017,6.668671,6.761
FPR3,3.001274,2.8074,6.908726,7.0875
ZCCHC12,9.631123,9.9024,7.396587,7.3663
C1QTNF4,9.721686,10.0293,7.442512,7.4838
MARVELD3,3.61692,3.6288,7.704715,7.9994
PBK,1.586636,1.585,7.540884,7.6935
DLGAP5,0.857173,1.0,5.913868,5.9773
TTK,2.427703,2.585,6.464339,6.4594
TLX1NB,0.035503,0.0,3.405251,3.3219
NEURL1,11.024066,11.5135,8.654921,8.7039
TMSB15A,2.949815,3.0,6.9477,7.0112
PTPRZ1,12.247752,12.454,16.329197,16.3301
C21orf62,3.794129,3.5336,8.609205,8.7461
BEGAIN,10.358809,10.6053,8.248551,8.2327
TFAP2A-AS1,1.694593,1.585,6.00777,6.3923
CKM,6.224034,6.2288,2.008836,2.0
ACTA1,7.121587,7.1898,3.933153,4.0
UNC13C,10.312687,10.6689,7.385433,7.3837
CCDC178,2.203578,2.3219,6.030373,6.3219
CENPA,1.374335,1.585,5.279227,5.1699
HNRNPA1P4,0.360993,0.0,4.52838,4.6235
GOLGA6L2,0.506742,0.0,4.041545,4.0875
CENPF,4.67218,4.585,9.486769,9.3309
TOP2A,2.778007,2.585,9.772974,9.9307
RP4-738P15.6,6.315213,6.8025,3.523895,4.1052
GRHL3,3.563673,3.4594,8.166201,8.5236
GSC,0.51474,0.0,5.226289,5.5236
OR4N2,0.220488,0.0,3.913631,3.4463
CACNA1B,10.555046,10.8033,8.496576,8.7279
KRT4,3.817947,4.8074,0.359537,0.0
EIF5AP4,0.552997,0.0,5.899983,5.947
CORO6,10.654319,11.0077,8.018793,7.96
CTA-929C8.8,3.941774,3.4594,1.162027,1.0
AMY2A,5.630157,5.998,2.606609,2.8914
CTD-2396E7.10,7.290493,7.4319,4.748152,5.2581
BMPR1APS2,0.842682,0.0,5.554936,6.1443
MYC,6.350552,6.3219,11.265012,11.395
CDCA2,1.736484,1.585,5.681199,5.5236
UBD,1.87907,1.585,6.285452,6.1898
CLEC4G,5.839956,5.8826,3.380714,3.3219
RP11-734K23.9,9.161268,9.6007,6.740897,7.3988
F5,4.174174,4.1699,8.568538,8.5196
RP11-1026M7.2,5.145244,5.6082,2.569017,2.3219
TTR,5.553292,4.9542,1.271723,1.0
KRT13,4.86364,6.0444,1.007579,0.0
SOWAHA,10.924428,10.9737,8.460528,8.3531
SNAP25,14.421007,14.9076,12.803359,12.8842
ABCA10,6.68777,6.5099,4.334112,4.3284
MMP2,6.923112,7.0553,11.135581,11.0768
CES4A,10.426488,10.5917,7.156852,7.1044
NDC80,1.650161,1.585,6.869525,6.7944
RP11-316N24.2,4.404369,4.3219,1.70675,1.585
SFRP2,6.278256,6.2288,10.764528,11.4833
RP11-766N7.3,6.259405,6.585,3.866409,3.7004
AC005943.2,2.57927,2.5583,7.203581,8.2182
MYH2,4.080823,4.1135,0.392228,0.0
HPCA,11.347722,11.413,9.192127,9.3815
RNF144A-AS1,7.905149,8.1447,4.962747,4.8074
RP11-439M11.1,4.515102,4.7549,1.340406,1.0
BCHE,7.37581,7.4919,11.948272,12.0116
TSPAN19,5.007181,5.0444,2.470808,2.585
RPE65,3.420132,3.3219,8.426946,8.5118
KRT14,4.901523,5.1293,1.606712,1.0
PAPL,6.068457,5.8826,3.188464,3.0
AIFM3,10.980854,11.2203,8.936283,8.9798
CCDC64,9.519641,9.6511,7.497275,7.6653
KCNT1,10.804899,11.1517,7.866316,8.0279
PRL,3.245386,3.4594,0.224353,0.0
NEIL3,0.640642,0.0,4.670926,4.6439
RP11-496I9.1,6.418704,6.0217,3.375701,3.4594
MDFI,6.08676,6.3576,10.856253,11.2438
GTSE1,3.164472,3.1699,7.213862,7.1497
SYNPR,10.950517,11.3015,8.020584,8.1699
RP11-320H14.1,7.55756,8.1649,5.170939,5.2479
RP11-491F9.3,4.597087,3.4594,1.462214,1.585
DES,7.740081,7.7004,4.442899,4.1699
TSHR,3.217916,3.0,7.332858,7.5546
PCP4,10.383,10.1523,7.353823,7.0875
FAM111B,1.14556,1.0,6.370812,6.4919
TGIF2-C20orf24,0.916165,0.0,4.849532,5.4529
CYP4Z1,4.060619,4.2479,1.305675,1.0
GNG3,11.45493,11.7582,9.331992,9.3151
MTND4P12,4.499734,4.393,9.035598,10.9201
RRM2,2.11375,2.0,8.05631,8.2381
CHI3L2,5.052178,4.7549,9.311534,9.2597
CRABP1,7.55333,7.3308,4.605894,4.5236
FERMT1,6.653824,6.8826,11.308486,11.7591
GLS2,9.2291,9.6955,6.480533,6.2944
MYL2,5.066405,5.0875,0.368083,0.0
ECHDC2,10.806756,10.7674,8.803681,8.6511
GRIN1,12.853803,13.4179,10.728006,10.9723
RLTPR,9.863871,10.2633,7.795138,7.7074
AC009065.4,0.014283,0.0,5.887364,5.8982
ZDHHC8P1,8.789076,9.0498,6.065262,6.1699
SIX3-AS1,4.493113,4.0875,1.433963,1.0
MEG9,7.40512,7.6221,4.685783,4.8074
SLC14A2,1.630946,1.585,5.23057,5.0
NEUROD4,0.546726,0.0,4.474812,4.6439
NMB,6.73015,6.6147,11.850275,12.0495
NUDT4P1,3.155156,3.211,7.36869,7.7133
WARS2-IT1,1.053932,1.0,5.225022,5.4263
AC004603.4,5.016604,5.0875,2.188473,2.0
SOX4,8.281259,8.2761,13.200849,13.4944
RAB26,10.20704,10.4294,8.160811,8.0821
ASPM,3.18575,3.1699,7.089977,6.9658
RP11-116O18.1,1.429687,1.0,5.343342,5.1293
GABRA6,5.238564,4.0875,1.275153,1.0
SLC35F4,5.23693,5.0,2.631974,2.585
MT-TA,0.614091,0.0,5.05912,5.1699
ANKRD34C,5.828096,6.0444,3.40941,3.1699
C1orf94,3.59233,3.7004,7.63013,7.7211
HES6,9.264167,9.3729,13.637816,13.8473
FGF17,8.78939,8.6795,6.65588,6.6724
CPNE6,11.115237,11.4035,8.781069,8.9218
MKI67,2.898431,2.8074,9.318079,9.5177
CD68,7.079707,6.9922,11.677494,11.6669
FAM153B,9.734061,10.1388,4.590994,4.6124
SMOC1,10.078426,10.1687,14.499073,14.9948
YWHAEP5,0.374418,0.0,3.719557,3.8115
RP11-416N2.4,7.441037,7.4838,4.907095,5.0
GRM4,9.30498,8.6036,6.032586,6.2288
FABP6,7.132418,7.2946,4.878632,4.858
RP11-231C18.1,2.92746,3.1699,7.394423,7.983
RP11-229P13.23,0.712233,0.0,5.763713,6.2619
VEPH1,3.401098,3.3219,8.261566,8.611
AC000089.3,1.533152,1.6041,5.862921,5.879
HJURP,1.772667,1.585,6.751557,6.8202
MYBL2,2.044982,2.0,7.46575,7.4429
LINC00689,4.355806,4.5497,10.096676,10.2951
AC006538.4,0.259519,0.0,3.871371,4.7463
LINC00599,11.529589,11.3123,8.786463,8.9944
AC010649.1,4.710745,5.5534,1.89649,0.0
CCL3L3,3.72035,3.7708,7.651273,7.643
ANKRD22,2.400789,2.0,6.385496,6.5236
PRSS2,3.433371,3.8074,0.346201,0.0
PYDC1,5.407177,5.6147,2.383082,2.3219
RP11-40C6.2,0.320414,0.0,8.327772,8.2778
TCEAL6,9.770739,9.9094,7.698472,7.6797
CPXM1,4.069996,4.3219,10.924631,11.1787
RP11-862L9.3,10.21395,10.2069,7.881547,8.6668
UHRF1,5.903125,5.9692,11.161452,11.2385
CASC5,2.442837,2.585,7.179714,7.1599
RP11-104H15.7,1.905217,2.0179,5.801037,6.152
PRSS56,4.127696,4.2479,1.378874,1.0
E2F8,0.924366,1.0,4.921549,5.0
E2F2,1.417003,1.585,6.640311,6.7682
MASP1,7.905601,7.9366,12.516373,12.7671
ADAMTS7P1,5.781576,6.059,3.333449,3.3604
AC053503.11,1.402384,1.585,5.234046,5.7549
C1QL4,2.713683,2.8074,7.185345,7.2574
LHX9,1.723148,1.0,5.290367,5.9773
RP11-389G6.3,7.312383,7.7415,4.912508,4.9542
FREM3,2.775319,2.0,6.93444,7.2946
PHYHIP,12.987304,13.6102,11.21577,11.0721
FADS6,6.474372,6.8329,3.523293,3.1699
CDRT4,8.446855,8.6322,4.941986,5.3165
CPA1,3.740274,3.585,1.075734,1.0
RP11-89K21.1,4.465453,4.3923,1.47061,1.0
RP11-698N11.2,0.710421,0.0,4.843335,4.9542
C1orf145,6.548576,6.5977,4.005469,3.839
DTL,2.660862,2.8074,7.629103,7.6511
RP11-566K19.6,8.317348,8.5457,5.683727,5.7076
UBE2C,1.863842,2.0,7.426561,7.4179
EEF1A1P12,1.630044,1.6323,6.504314,6.4637
SOX11,6.617334,6.9069,11.092276,11.2935
TUNAR,8.867223,9.1007,6.529213,6.5699
CDR1,8.531449,8.6548,5.859851,6.0354
CCL4L2,3.518343,3.585,7.967162,7.8305
SLC12A5,11.882079,12.4711,10.003124,9.7755
OBSCN,10.398178,10.1429,8.434806,8.3076
MELK,1.382564,1.0,6.576044,6.6439
IQGAP3,3.382324,3.1699,7.390462,7.3219
PRKCG,10.284156,10.7168,8.140016,8.0224
OPALIN,10.841065,11.0881,8.491489,9.0498
CALCRL,7.641878,7.6795,12.116287,12.5282
TCEA1P2,3.696276,3.7761,7.650472,7.8045
BTBD17,6.035355,6.2479,10.397501,10.5689
F2R,5.331539,5.6724,11.396279,11.4651
GOLT1A,6.154758,6.1699,3.273537,3.1699
TROAP,2.043836,2.0,6.591472,6.5699
PAX1,1.091164,1.0,5.544557,6.2288
MYL1,3.036332,3.0,0.220728,0.0
FBN2,4.012824,4.0875,8.490333,8.7482
ADAMTS20,1.23393,1.0,5.122236,5.2479
HOXC4,1.821572,1.585,5.409091,5.2479
DKFZp434P228,3.851073,4.1243,7.695297,8.2099
YJEFN3,11.020991,11.3139,9.092558,9.1899
GSX1,2.162544,2.0,6.724977,6.7415
SIGLEC8,5.715739,5.7549,9.775956,9.8826
RP11-826N14.2,5.843846,6.1965,3.464485,3.4607
MKRN3-AS1,0.783804,0.0,4.439372,4.7608
CTB-63M22.1,3.999611,4.1667,8.516696,8.5591
SPTB,10.441357,10.4686,8.112411,8.0941
UBE2SP2,1.331567,1.5311,5.923466,5.916
KRT2,4.381824,4.6439,0.816887,0.584963
TNFRSF6B,7.287723,7.5685,4.726663,5.4205
CALY,10.96571,11.2568,8.143118,8.1699
CFC1,6.434613,6.7142,2.789621,2.5008
RP11-464D20.2,1.490397,1.6088,5.550199,5.5388
RPRML,6.831852,7.2965,4.417762,4.4343
TNC,6.970489,6.9773,12.995134,13.0401
MYL7,4.634487,4.7004,1.413512,1.585
NUSAP1,4.812811,4.8074,8.953809,8.9307
RP11-64K7.1,0.206744,0.0,3.95243,4.0117
MYH1,4.280193,4.3716,0.664289,0.0
EEF1A1P9,1.52757,1.5993,6.593016,6.6294
HMGN1P37,0.074843,0.0,3.733246,3.7981
ALDH1A3,7.876593,7.9097,5.056499,4.568
NUPR1L,4.685385,5.0,1.924065,1.585
CCNB2,3.200312,3.1699,7.124675,7.0875
RP11-215A21.2,0.986948,1.0215,5.236224,5.2976
PVALB,7.243755,7.375,4.86239,4.7549
CRISPLD1,6.660959,6.8948,11.156464,11.1228
CDK1,3.80267,3.8074,8.148733,8.1699
RP11-977G19.10,1.951481,2.1985,5.569859,5.8079
FAM64A,3.053317,3.2357,7.572735,7.6531
PRR35,3.781825,2.0,0.931119,1.0
RP11-24N18.1,6.242721,6.4231,3.837847,4.6358
VWA5B2,10.693169,11.0251,8.385623,8.3083
RP1-241P17.4,2.570187,2.7463,6.577058,6.8836
ESCO2,1.81968,2.0,6.154574,6.2095
FER1L4,6.87395,6.9658,4.295791,4.2479
NFIA-AS2,3.257895,3.1699,7.350459,7.5774
KLRC2,5.169291,5.2902,9.419252,10.2921
BMP2,5.902974,6.0224,11.17157,11.5798
RP11-259N19.1,3.454566,3.585,7.479013,7.6221
CD207,0.566097,0.0,4.091794,4.2479
EGR4,7.023641,7.4094,4.080422,4.0
SOX2OT_exon3,2.602526,2.342,6.379862,7.2735
FTCD,6.958519,7.1396,4.682043,4.8074
NEFM,11.992996,12.0898,9.480854,9.2805
TMC2,6.020895,5.3576,3.428347,3.4594
NUDT4P2,3.155156,3.211,7.36869,7.7133
RYR2,10.297024,10.567,7.900283,7.8202
CKAP2L,2.310454,2.3219,6.700025,6.6865
SPARC,13.711852,13.6633,17.56335,17.6458
SYNDIG1L,8.383868,7.0444,5.043485,4.9542
CCDC80,8.327616,8.3837,12.891261,13.1089
MYO15A,7.147162,7.1599,4.77989,4.6439
RBFOX3,11.112246,11.4414,8.475586,8.6294
HTR5A-AS1,7.045734,7.6032,4.132425,3.9069
PACSIN1,12.804498,13.2787,10.053146,10.0389
PDIA2,10.244365,10.0593,8.067641,8.3174
LINC01088,5.437397,4.8074,9.6725,10.0293
C9orf24,7.880258,8.1396,5.15042,4.9069
FAM153A,8.778824,9.2087,4.189818,4.0875
ANGPTL2,8.781044,8.7347,13.116477,13.2339
RP5-1177M21.1,1.453784,1.0,5.200582,5.7279
TNF,1.817355,1.585,6.039839,6.0
SLC26A8,7.038809,7.4009,4.207253,4.0
KIFC1,3.104153,3.1391,8.138601,8.1898
LINC01106,9.809035,10.0274,6.79442,6.5947
SLC6A7,8.151588,8.5999,5.82756,5.6439
HOXD8,0.864923,0.0,5.387028,5.4263
TRHDE-AS1,7.794017,7.4539,5.516343,5.5826
CARTPT,5.945699,6.0661,2.644443,1.585
CEP55,1.518071,1.585,6.049229,6.0
RESP18,5.258208,5.0875,2.158582,2.0
BUB1,3.098025,3.1699,7.619999,7.5392
CRYM,10.094151,10.8439,8.04101,8.0875
KRT222,8.493337,8.9425,6.040419,6.1085
LINC00928,1.435175,1.585,5.167106,5.4263
VSIG4,6.495965,6.375,11.018532,11.115
SPC25,3.04879,3.1699,7.201275,7.3129
MAGED4,8.443378,8.7045,12.869266,12.9153
CBLN3,7.957301,6.8826,5.490966,5.4594
ZNF560,1.231227,1.0,5.230498,5.3576
NNAT,10.982681,11.0188,8.927925,9.0389
MEG3,14.314471,14.6128,11.403473,11.6591
CYP4F35P,5.930093,6.3122,2.956576,3.0
RP11-361L15.5,8.201826,8.3335,4.604426,4.6747
KIF20A,1.550364,1.585,6.560123,6.6865
FOXD3-AS1,0.507038,0.0,4.479875,4.9069
FAM153C,7.809307,8.1462,3.017318,2.8298
GP1BB,8.393719,9.8004,5.445804,7.4301
MCM10,1.964537,2.0,6.541231,6.7415
CCL3,3.805468,3.585,9.272691,9.3083
TNFRSF25,10.073269,9.7634,7.564442,7.5697
LPAR3,5.261579,5.5546,2.035102,1.585
SULT4A1,11.16317,11.6296,9.204725,9.3399
ESPL1,2.91819,2.8074,6.977944,7.098
LINC00237,3.889459,4.0875,7.76491,7.9887
SLC7A10,8.039629,8.3867,5.068908,4.915
GAD2,9.965188,10.3061,7.970197,8.0224
MAL2,9.460191,10.0566,7.122053,7.0
RP11-429A20.4,5.022908,5.3219,1.852378,2.0
OTX2,3.810069,2.585,0.517871,0.0
STRC,8.770912,8.75,6.34666,6.2867
GH1,3.122043,2.8074,0.235649,0.0
KIF18B,3.48518,3.585,8.293106,8.4429
KIF14,2.530857,2.585,6.587881,6.5078
CHST9,5.628396,5.6439,10.707008,11.0573
RP11-474G23.2,1.205766,0.0,5.180975,6.2718
GJB6,9.377811,9.9643,6.509909,6.9307
BHLHE22,7.65597,7.4998,4.709453,4.585
KIF12,5.65775,6.0224,2.869198,2.585
RBFOX1,10.942027,11.4262,8.83903,8.6439
SHD,7.190891,7.2288,11.939428,12.4582
NGB,7.660276,7.2761,4.88877,4.5236
AC113188.2,7.035619,7.1581,4.657932,4.7355
CDC45,2.228809,2.3219,6.458615,6.4594
CPLX2,13.883656,14.3582,12.174877,12.6025
BCAN,12.343912,12.5745,17.272796,17.5656
BIRC5,3.576871,3.4594,8.151667,8.1699
RP5-827C21.6,5.845318,6.0875,2.21307,2.0
LINC01123,7.960205,8.281,5.726448,5.8763
C1QC,8.266452,8.2192,12.631496,12.6043
CDR1-AS,9.700981,10.1849,7.702001,8.0401
RP11-424C20.2,1.578901,1.6088,6.847058,7.0007
CTC-512J14.5,1.129748,1.0976,5.226668,5.2961
CX3CR1,6.983721,7.1293,11.228635,11.3647
SYT2,8.563665,8.8118,5.84058,5.5975
CYP2C8,6.297573,6.4594,3.416626,3.4594
RP11-344B5.2,1.598541,1.585,5.14292,5.1293
FOLR2,5.403696,5.6724,9.894875,9.9263
LINC00836,3.962549,3.9069,8.242017,8.7177
MEX3A,6.104519,6.1497,11.036376,11.258
CTD-2531D15.5,5.786988,6.6643,2.952295,0.0
LINC00202-1,7.417308,7.5999,4.665036,4.7004
RFPL2,6.584997,6.9115,3.821039,3.921252
ASF1B,2.715259,2.8074,7.293527,7.1898
DLL3,7.387561,7.6795,12.821092,13.3622
CNGA3,3.769756,3.585,8.148889,7.983
PCDHB9,5.792941,5.8909,10.077392,10.2216
APOBEC3B,1.72502,1.7655,5.716172,5.8048
RP11-565P22.6,0.999268,1.0566,5.134812,5.3331
HAPLN1,5.356286,5.585,9.786038,10.102
GLYCTK-AS1,1.616747,1.585,5.621846,5.8795
NES,10.265744,10.2761,14.631909,14.7279
LINC01602,0.346101,0.0,4.37685,3.585
SGOL1,1.402004,1.585,5.629687,5.5871
SELL,6.159149,6.1085,10.83675,10.8727
RP4-791C19.1,0.413866,0.0,3.911508,4.0144
CCL4,3.923805,3.7004,8.815312,8.7001
ANKRD34B,4.986857,4.4594,2.184745,2.0
SLC8A1-AS1,1.879266,1.585,6.44172,6.788
KLHL1,5.979598,5.9255,3.27696,3.1699
RP11-173P15.5,0.743627,0.0,4.893658,5.9105
CTA-315H11.2,3.514529,3.585,0.666032,0.0
MT-TC,0.27111,0.0,3.753525,3.8074
ANKRD30B,4.58847,5.3219,1.903334,1.585
ANKRD19P,8.532096,8.9081,5.850763,5.8176
RPS2P55,1.772428,1.856,6.41895,6.4216
CHAD,7.882304,7.8392,4.516428,4.2479
TLX1,0.199674,0.0,5.660861,6.2079
HAS2,4.058173,4.1699,7.970674,8.2057
RP4-789D17.3,7.04335,7.8608,2.792799,0.0
SIX3,6.090871,5.1699,2.392218,2.0
MAP7D2,9.987611,10.3955,7.711783,7.6294
HNRNPCP2,4.172779,4.1961,8.976414,8.9967
TMEM191A,7.075652,7.1822,4.566207,4.5273
SPRR3,3.293335,4.0875,0.426007,0.0
SIX1,3.258934,3.3219,7.883077,8.4179
CYP4F29P,6.118959,5.9561,2.726403,2.3448
AURKB,1.261572,1.0,6.561204,6.6294
RNF212,6.999453,6.9658,4.226054,4.2479
TMEM100,6.875198,7.1293,11.666236,12.0711
GPR34,5.91171,6.0,10.385869,10.4357
HTR5A,7.543605,7.9932,5.043045,4.9732
CLEC4F,1.988336,2.0,5.648662,5.9069
EGFR,9.555018,9.7142,14.12645,14.2104
RP11-414J4.2,5.318646,4.477,1.91401,2.0321
CD24,7.527356,7.7814,12.204628,12.5727
SFTPB,4.058391,4.0875,1.322588,1.0
NDST4,1.269425,1.0,4.832313,5.2095
CD44,8.650416,8.3038,12.943379,13.0841
BUB1B,3.531458,3.5922,7.360997,7.42
TREM2,6.390123,6.4757,10.719281,10.7756
DNAJA4,11.851012,11.8959,9.86147,9.8218
FAT2,7.188263,5.5546,4.722409,4.7317
PRSS1,3.162216,2.8074,0.306854,0.0
PCP4L1,9.072269,9.0848,6.991599,6.960032
TNN,2.349857,2.3219,6.096342,6.1085
